,public transport,cycling infrastructure,sidewalks,residential,public safety,commercial,educational,recreational,healthcare,percentage,coordinates
منطقه ۱,83,8,708,2982,10,164,73,657,195,100.0,"{'minlat': 36.2833058, 'minlon': 59.540596, 'maxlat': 36.3261639, 'maxlon': 59.6059469}"
منطقه ۱۱,14,1,1357,2553,5,102,32,523,86,100.0,"{'minlat': 36.315082, 'minlon': 59.4605236, 'maxlat': 36.3510607, 'maxlon': 59.5480593}"
منطقه ۵,23,0,489,3291,7,50,18,273,30,88.89,"{'minlat': 36.2691398, 'minlon': 59.6241526, 'maxlat': 36.315177, 'maxlon': 59.7065735}"
منطقه ۶,29,0,332,2430,7,18,6,306,14,88.89,"{'minlat': 36.2379737, 'minlon': 59.6173075, 'maxlat': 36.28274, 'maxlon': 59.7237396}"
منطقه ثامن,22,0,294,792,8,43,13,342,23,88.89,"{'minlat': 36.2765014, 'minlon': 59.6063187, 'maxlat': 36.3029718, 'maxlon': 59.6310097}"
منطقه ۳,61,0,735,5547,10,73,21,783,46,88.89,"{'minlat': 36.2939669, 'minlon': 59.6059469, 'maxlat': 36.4315822, 'maxlon': 59.6839915}"
منطقه ۸,57,5,772,2149,16,196,63,874,158,100.0,"{'minlat': 36.2521036, 'minlon': 59.5274363, 'maxlat': 36.2979703, 'maxlon': 59.6122353}"
منطقه ۱۰,24,4,1599,3716,6,43,11,552,47,100.0,"{'minlat': 36.3450844, 'minlon': 59.4658001, 'maxlat': 36.3997806, 'maxlon': 59.5519828}"
منطقه ۹,204,3,2537,4903,15,152,66,1273,127,100.0,"{'minlat': 36.2677017, 'minlon': 59.4361146, 'maxlat': 36.347341, 'maxlon': 59.5632375}"
منطقه ۷,120,1,980,4202,20,104,19,915,52,100.0,"{'minlat': 36.1845764, 'minlon': 59.5816067, 'maxlat': 36.2838522, 'maxlon': 59.6932281}"
منطقه ۱۲,123,4,2072,6012,5,52,15,848,50,100.0,"{'minlat': 36.340156, 'minlon': 59.4201994, 'maxlat': 36.4989467, 'maxlon': 59.5465819}"
منطقه ۴,23,0,486,2898,8,40,13,263,30,88.89,"{'minlat': 36.2880812, 'minlon': 59.6282883, 'maxlat': 36.3321467, 'maxlon': 59.7065735}"
منطقه ۲,179,8,2415,8308,14,188,63,1508,156,100.0,"{'minlat': 36.2979703, 'minlon': 59.5101929, 'maxlat': 36.4022119, 'maxlon': 59.6240169}"
ناحیه۱ منطقه ۱,52,5,567,1766,6,103,59,378,150,100.0,"{'minlat': 36.2833058, 'minlon': 59.540596, 'maxlat': 36.3261639, 'maxlon': 59.5859518}"
ناحیه۲ منطقه ۱,23,3,216,1597,2,75,36,319,85,100.0,"{'minlat': 36.2910495, 'minlon': 59.5722297, 'maxlat': 36.3236348, 'maxlon': 59.6059469}"
ناحیه ۲ منطقه ۱۱,6,0,604,1234,4,27,12,263,31,88.89,"{'minlat': 36.3252325, 'minlon': 59.4605236, 'maxlat': 36.3510607, 'maxlon': 59.5152022}"
ناحیه ۱ منطقه ۱۱,5,1,583,951,1,74,9,158,42,100.0,"{'minlat': 36.315082, 'minlon': 59.508435, 'maxlat': 36.3452517, 'maxlon': 59.5480593}"
ناحیه ۲ منطقه ۵,17,0,226,1715,5,6,5,114,5,88.89,"{'minlat': 36.2691398, 'minlon': 59.6555498, 'maxlat': 36.315177, 'maxlon': 59.7065735}"
ناحیه ۱ منطقه ۵,1,0,182,923,4,11,6,82,7,88.89,"{'minlat': 36.2702972, 'minlon': 59.6241526, 'maxlat': 36.293476, 'maxlon': 59.6590606}"
ناحیه ۳ منطقه ۶,9,0,135,1015,2,2,1,116,4,88.89,"{'minlat': 36.2569999, 'minlon': 59.6600116, 'maxlat': 36.28274, 'maxlon': 59.6989516}"
ناحیه ۲ منطقه ۶,22,0,194,1261,4,4,1,182,5,88.89,"{'minlat': 36.2379737, 'minlon': 59.6245872, 'maxlat': 36.2702972, 'maxlon': 59.7237396}"
ناحیه ۱ منطقه ۶,6,0,169,1052,3,12,5,100,10,88.89,"{'minlat': 36.2580623, 'minlon': 59.6173075, 'maxlat': 36.2815723, 'maxlon': 59.6571442}"
پایین خیابان,7,0,23,33,0,2,0,46,2,66.67,"{'minlat': 36.283597, 'minlon': 59.6179855, 'maxlat': 36.2924634, 'maxlon': 59.6241774}"
عیدگاه,8,0,67,153,4,5,0,37,4,77.78,"{'minlat': 36.2765014, 'minlon': 59.6122353, 'maxlat': 36.2865655, 'maxlon': 59.6238701}"
بالا خیابان,4,0,51,156,2,6,2,111,1,88.89,"{'minlat': 36.2895793, 'minlon': 59.6102006, 'maxlat': 36.2997119, 'maxlon': 59.6218526}"
دریادل,0,0,10,128,2,1,0,26,1,66.67,"{'minlat': 36.2959034, 'minlon': 59.6178421, 'maxlat': 36.3029718, 'maxlon': 59.6282883}"
نوغان,0,0,7,149,2,1,0,35,0,55.56,"{'minlat': 36.2918261, 'minlon': 59.6168616, 'maxlat': 36.2985391, 'maxlon': 59.6282883}"
حرم مطهر رضوی,9,0,141,31,0,2,1,53,2,77.78,"{'minlat': 36.2842824, 'minlon': 59.610545, 'maxlat': 36.2923, 'maxlon': 59.6208957}"
ناحیه ۴ منطقه ۳,10,0,20,413,1,0,1,24,0,66.67,"{'minlat': 36.3696854, 'minlon': 59.661154, 'maxlat': 36.4315822, 'maxlon': 59.6832021}"
ناحیه ۱ منطقه ۳,6,0,280,1499,4,45,9,346,20,88.89,"{'minlat': 36.2939669, 'minlon': 59.6059469, 'maxlat': 36.3273831, 'maxlon': 59.6398656}"
ناحیه ۲ منطقه ۳,14,0,352,2066,5,11,8,183,16,88.89,"{'minlat': 36.3018205, 'minlon': 59.6341257, 'maxlat': 36.3536393, 'maxlon': 59.6839915}"
ناحیه ۳ منطقه ۳,10,0,305,1501,2,11,2,218,7,88.89,"{'minlat': 36.3191666, 'minlon': 59.6062435, 'maxlat': 36.3648893, 'maxlon': 59.6461849}"
ناحیه ۲ منطقه ۸,33,4,369,1245,13,93,29,574,68,100.0,"{'minlat': 36.2521036, 'minlon': 59.5274363, 'maxlat': 36.2910495, 'maxlon': 59.6034737}"
ناحیه ۱ منطقه ۸,26,3,167,688,6,104,18,321,61,100.0,"{'minlat': 36.2736422, 'minlon': 59.5859518, 'maxlat': 36.2979703, 'maxlon': 59.6122353}"
ناحیه ۲ منطقه ۱۰,11,2,951,1659,3,26,6,255,28,100.0,"{'minlat': 36.3454167, 'minlon': 59.4658001, 'maxlat': 36.3741481, 'maxlon': 59.5174187}"
ناحیه ۳ منطقه ۱۰,21,4,800,2433,4,28,8,388,25,100.0,"{'minlat': 36.3452517, 'minlon': 59.4980271, 'maxlat': 36.3997806, 'maxlon': 59.5519828}"
ناحیه ۱ منطقه ۱۰,42,2,1332,2794,3,31,11,532,44,100.0,"{'minlat': 36.340156, 'minlon': 59.4201994, 'maxlat': 36.389946, 'maxlon': 59.4914132}"
ناحیه ۲ منطقه ۹,107,0,953,2649,5,61,29,537,65,88.89,"{'minlat': 36.2865753, 'minlon': 59.4361146, 'maxlat': 36.347341, 'maxlon': 59.5155166}"
ناحیه ۱ منطقه ۹,101,3,1482,2447,10,59,38,765,51,100.0,"{'minlat': 36.2677017, 'minlon': 59.4869501, 'maxlat': 36.3230173, 'maxlon': 59.5632375}"
ناحیه ۳ منطقه ۷,64,0,211,481,1,1,0,229,1,77.78,"{'minlat': 36.1845764, 'minlon': 59.6041747, 'maxlat': 36.2266951, 'maxlon': 59.6932281}"
ناحیه ۲ منطقه ۷,25,0,427,763,3,5,1,211,5,88.89,"{'minlat': 36.1988196, 'minlon': 59.5816067, 'maxlat': 36.2571497, 'maxlon': 59.6325288}"
ناحیه ۱ منطقه ۷,28,1,416,1652,7,85,12,328,34,100.0,"{'minlat': 36.2341119, 'minlon': 59.5932717, 'maxlat': 36.2838522, 'maxlon': 59.6314564}"
ناحیه ۲ منطقه ۱۲,9,1,547,1394,2,14,4,203,7,100.0,"{'minlat': 36.3653953, 'minlon': 59.4484914, 'maxlat': 36.4020205, 'maxlon': 59.5199128}"
ناحیه ۳ منطقه ۱۲,56,0,133,976,0,2,0,65,0,55.56,"{'minlat': 36.4224365, 'minlon': 59.4453231, 'maxlat': 36.4989467, 'maxlon': 59.5465819}"
ناحیه ۳ منطقه ۴,14,0,171,1399,2,1,5,80,9,88.89,"{'minlat': 36.2971032, 'minlon': 59.6534938, 'maxlat': 36.3321467, 'maxlon': 59.7065735}"
ناحیه ۲ منطقه ۴,3,0,84,531,1,9,3,46,7,88.89,"{'minlat': 36.2935832, 'minlon': 59.6445943, 'maxlat': 36.3115926, 'maxlon': 59.6657395}"
ناحیه ۳ منطقه ۲,24,2,546,2126,5,25,3,303,12,100.0,"{'minlat': 36.3516093, 'minlon': 59.5101929, 'maxlat': 36.4022119, 'maxlon': 59.5737907}"
ناحیه ۱ منطقه ۴,3,0,144,613,2,24,5,83,12,88.89,"{'minlat': 36.2880812, 'minlon': 59.6282883, 'maxlat': 36.3060047, 'maxlon': 59.6608522}"
ناحیه ۲ منطقه ۲,63,0,280,1699,2,10,1,161,7,88.89,"{'minlat': 36.3362895, 'minlon': 59.5480044, 'maxlat': 36.3755849, 'maxlon': 59.6225393}"
ناحیه ۴ منطقه ۲,45,0,355,1050,2,14,7,143,38,88.89,"{'minlat': 36.3241069, 'minlon': 59.543501, 'maxlat': 36.3499005, 'maxlon': 59.5903212}"
ناحیه ۱ منطقه ۲,58,3,452,3313,4,56,29,520,71,100.0,"{'minlat': 36.2979703, 'minlon': 59.5699889, 'maxlat': 36.3434367, 'maxlon': 59.6240169}"
شهید احمدی روشن,0,0,2,97,0,0,0,2,0,33.33,"{'minlat': 36.3696854, 'minlon': 59.6631562, 'maxlat': 36.3828336, 'maxlon': 59.6791934}"
شهید علی محمدی,2,0,0,121,1,0,0,9,0,44.44,"{'minlat': 36.3819525, 'minlon': 59.6668333, 'maxlat': 36.3963997, 'maxlon': 59.6804836}"
شهرک مهرگان,8,0,18,188,1,0,1,9,0,66.67,"{'minlat': 36.3954131, 'minlon': 59.661154, 'maxlat': 36.4315822, 'maxlon': 59.6773141}"
شهید شهریاری,1,0,2,102,0,0,1,12,0,55.56,"{'minlat': 36.3932195, 'minlon': 59.672091, 'maxlat': 36.4066841, 'maxlon': 59.6832021}"
گاز,3,0,97,335,1,16,2,37,3,88.89,"{'minlat': 36.312966, 'minlon': 59.6197165, 'maxlat': 36.3273831, 'maxlon': 59.6398656}"
راه آهن,1,0,58,381,3,6,4,97,2,88.89,"{'minlat': 36.2959034, 'minlon': 59.6144362, 'maxlat': 36.3142779, 'maxlon': 59.633549}"
شهید هاشمی نژاد,2,0,49,269,1,9,4,169,5,88.89,"{'minlat': 36.2939669, 'minlon': 59.6059469, 'maxlat': 36.3034924, 'maxlon': 59.6221947}"
فاطمیه,2,0,60,317,0,18,3,35,4,77.78,"{'minlat': 36.3056832, 'minlon': 59.6161032, 'maxlat': 36.3201594, 'maxlon': 59.6374918}"
آیت الله کاشانی,0,0,35,407,1,5,5,125,6,77.78,"{'minlat': 36.2979703, 'minlon': 59.6059469, 'maxlat': 36.3115763, 'maxlon': 59.6216749}"
رسالت,1,0,61,260,1,2,0,15,4,77.78,"{'minlat': 36.3060047, 'minlon': 59.6374918, 'maxlat': 36.3191666, 'maxlon': 59.6534938}"
سیس آباد,9,0,101,554,2,2,2,80,0,77.78,"{'minlat': 36.3237005, 'minlon': 59.637406, 'maxlat': 36.3536393, 'maxlon': 59.6754635}"
طبرسی شمالی,3,0,17,427,0,0,0,23,6,55.56,"{'minlat': 36.3174804, 'minlon': 59.6569204, 'maxlat': 36.3362619, 'maxlon': 59.6839915}"
کوی دروی,0,0,48,306,2,1,0,67,0,55.56,"{'minlat': 36.3165819, 'minlon': 59.6398656, 'maxlat': 36.3301141, 'maxlon': 59.6546244}"
عباس آباد,0,0,37,386,1,1,0,18,1,66.67,"{'minlat': 36.3115926, 'minlon': 59.6449792, 'maxlat': 36.3262937, 'maxlon': 59.6631082}"
خیرآباد,0,0,33,162,0,3,1,13,4,66.67,"{'minlat': 36.3018205, 'minlon': 59.6341257, 'maxlat': 36.312966, 'maxlon': 59.6445943}"
بلال,0,0,51,83,0,0,0,6,1,44.44,"{'minlat': 36.3240809, 'minlon': 59.6240169, 'maxlat': 36.330972, 'maxlon': 59.6345173}"
خواجه ربیع,6,0,177,530,2,6,2,91,5,88.89,"{'minlat': 36.3257837, 'minlon': 59.6247245, 'maxlat': 36.3593452, 'maxlon': 59.6461849}"
بهمن,5,0,121,788,0,5,0,129,6,66.67,"{'minlat': 36.3273831, 'minlon': 59.6062435, 'maxlat': 36.3648893, 'maxlon': 59.6326973}"
قائم,23,0,72,343,1,3,0,49,5,77.78,"{'minlat': 36.3294918, 'minlon': 59.5778328, 'maxlat': 36.3384956, 'maxlon': 59.5937705}"
راهنمایی,0,0,49,166,0,15,8,29,15,66.67,"{'minlat': 36.2971449, 'minlon': 59.5632375, 'maxlat': 36.3073097, 'maxlon': 59.5773822}"
سجاد شهر,13,1,258,533,2,26,7,83,19,100.0,"{'minlat': 36.3100417, 'minlon': 59.5414781, 'maxlat': 36.3261639, 'maxlon': 59.5699889}"
احمد آباد,14,0,120,495,1,53,33,142,82,88.89,"{'minlat': 36.2833058, 'minlon': 59.5570641, 'maxlat': 36.300124, 'maxlon': 59.5859518}"
فلسطین,7,1,46,233,2,7,5,29,6,100.0,"{'minlat': 36.300124, 'minlon': 59.5523129, 'maxlat': 36.3148917, 'maxlon': 59.5672354}"
آبکوه,0,2,10,127,0,4,2,15,2,77.78,"{'minlat': 36.3053319, 'minlon': 59.5626985, 'maxlat': 36.3133853, 'maxlon': 59.5740375}"
ارشاد,5,3,119,220,1,15,1,35,5,100.0,"{'minlat': 36.3095641, 'minlon': 59.5602456, 'maxlat': 36.3241069, 'maxlon': 59.5779052}"
بهشت,1,0,61,282,0,32,21,90,66,77.78,"{'minlat': 36.2910495, 'minlon': 59.5730303, 'maxlat': 36.3034919, 'maxlon': 59.5902273}"
گوهرشاد,2,3,41,323,0,6,7,51,6,88.89,"{'minlat': 36.3034919, 'minlon': 59.5722297, 'maxlat': 36.3236348, 'maxlon': 59.5859143}"
کلاهدوز,10,0,22,344,0,4,3,39,3,77.78,"{'minlat': 36.3009547, 'minlon': 59.5773822, 'maxlat': 36.3164062, 'maxlon': 59.5902776}"
سناباد,2,0,20,186,0,13,14,83,10,77.78,"{'minlat': 36.2925368, 'minlon': 59.5840958, 'maxlat': 36.3033806, 'maxlon': 59.5990925}"
سعد آباد,11,0,56,614,1,12,11,115,7,88.89,"{'minlat': 36.2956033, 'minlon': 59.5853215, 'maxlat': 36.3124625, 'maxlon': 59.6059469}"
طرق,9,0,23,211,0,0,0,53,1,55.56,"{'minlat': 36.1998309, 'minlon': 59.6602866, 'maxlat': 36.2266951, 'maxlon': 59.6932281}"
ایوان,8,0,77,113,0,0,0,24,1,55.56,"{'minlat': 36.199023, 'minlon': 59.6459743, 'maxlat': 36.2086132, 'maxlon': 59.6683647}"
رباط,32,0,19,108,1,1,0,50,0,66.67,"{'minlat': 36.1845764, 'minlon': 59.6041747, 'maxlat': 36.2154452, 'maxlon': 59.6461755}"
عسگریه,0,0,2,39,0,0,0,13,0,33.33,"{'minlat': 36.2306676, 'minlon': 59.624868, 'maxlat': 36.2351547, 'maxlon': 59.6325288}"
انقلاب,2,0,148,300,1,0,1,46,3,77.78,"{'minlat': 36.2154452, 'minlon': 59.6079379, 'maxlat': 36.2400938, 'maxlon': 59.6268596}"
شهرک ابوذر,2,0,10,65,0,0,0,27,0,44.44,"{'minlat': 36.1988196, 'minlon': 59.5994713, 'maxlat': 36.2172835, 'maxlon': 59.6268596}"
شهرک بهارستان,2,0,128,288,0,0,1,25,2,66.67,"{'minlat': 36.2113044, 'minlon': 59.5918267, 'maxlat': 36.2375929, 'maxlon': 59.6193963}"
کوی ولیعصر,2,0,74,195,1,0,0,13,0,55.56,"{'minlat': 36.2303236, 'minlon': 59.5841514, 'maxlat': 36.2472324, 'maxlon': 59.601966}"
کوی سیدی,20,0,214,289,1,4,0,76,5,77.78,"{'minlat': 36.2317991, 'minlon': 59.5961631, 'maxlat': 36.2544959, 'maxlon': 59.624868}"
کوی المهدی,1,0,107,175,0,4,0,20,1,66.67,"{'minlat': 36.2414534, 'minlon': 59.5899027, 'maxlat': 36.2555578, 'maxlon': 59.6064144}"
ایمان,0,0,29,76,0,3,0,18,0,44.44,"{'minlat': 36.2459691, 'minlon': 59.5816067, 'maxlat': 36.2571497, 'maxlon': 59.6019351}"
کوی پلیس,19,0,222,399,2,9,1,106,3,88.89,"{'minlat': 36.2341119, 'minlon': 59.5988444, 'maxlat': 36.2623772, 'maxlon': 59.6252087}"
پروین اعتصامی,7,0,69,98,0,1,0,17,0,55.56,"{'minlat': 36.2524713, 'minlon': 59.6087587, 'maxlat': 36.2619322, 'maxlon': 59.6198295}"
مقدم,0,0,11,113,0,6,0,8,0,44.44,"{'minlat': 36.2579651, 'minlon': 59.6044645, 'maxlat': 36.267787, 'maxlon': 59.6150351}"
کارگران,1,0,55,301,1,1,0,27,2,77.78,"{'minlat': 36.2557006, 'minlon': 59.6160181, 'maxlat': 36.2708723, 'maxlon': 59.6314564}"
هفده شهریور,2,0,47,387,0,6,1,32,3,77.78,"{'minlat': 36.2609384, 'minlon': 59.6091745, 'maxlat': 36.2765014, 'maxlon': 59.6258223}"
کوشش,1,1,13,295,1,21,2,62,6,100.0,"{'minlat': 36.2558809, 'minlon': 59.5932717, 'maxlat': 36.2736422, 'maxlon': 59.6091745}"
عنصری,4,1,42,349,2,25,1,51,14,100.0,"{'minlat': 36.267787, 'minlon': 59.6034737, 'maxlat': 36.2838522, 'maxlon': 59.6175466}"
شهید بهشتی,4,0,55,419,6,23,12,129,28,88.89,"{'minlat': 36.2661716, 'minlon': 59.5632791, 'maxlat': 36.289408, 'maxlon': 59.5932623}"
امام خمینی,0,0,37,214,4,21,6,64,10,77.78,"{'minlat': 36.2628724, 'minlon': 59.5786804, 'maxlat': 36.2838002, 'maxlon': 59.5958546}"
خرمشهر,0,0,15,198,1,12,1,34,10,77.78,"{'minlat': 36.2615683, 'minlon': 59.585005, 'maxlat': 36.2749264, 'maxlon': 59.5986816}"
امام رضا (ع),0,0,13,185,0,26,4,44,5,66.67,"{'minlat': 36.2680562, 'minlon': 59.5919761, 'maxlat': 36.2812164, 'maxlon': 59.6034737}"
کوهسنگی,11,1,145,369,1,19,11,138,23,100.0,"{'minlat': 36.2723337, 'minlon': 59.5548083, 'maxlat': 36.2910495, 'maxlon': 59.5876574}"
آبادگران,11,0,77,270,6,4,4,170,6,88.89,"{'minlat': 36.2521036, 'minlon': 59.5274363, 'maxlat': 36.2766051, 'maxlon': 59.590989}"
ترمینال مسافربری امام رضا,0,0,0,84,1,0,0,80,0,33.33,"{'minlat': 36.2558809, 'minlon': 59.5830725, 'maxlat': 36.2639473, 'maxlon': 59.5989006}"
ده دی,11,3,55,250,3,46,7,119,37,100.0,"{'minlat': 36.2797072, 'minlon': 59.5859518, 'maxlat': 36.2925368, 'maxlon': 59.6063187}"
جنت,12,3,28,105,3,32,3,85,29,100.0,"{'minlat': 36.2841024, 'minlon': 59.5902273, 'maxlat': 36.2949381, 'maxlon': 59.6020954}"
سلام,1,0,6,133,0,17,1,30,11,77.78,"{'minlat': 36.2736422, 'minlon': 59.5973553, 'maxlat': 36.2818175, 'maxlon': 59.607954}"
دانش,3,0,6,167,1,7,1,16,4,88.89,"{'minlat': 36.2788585, 'minlon': 59.5995748, 'maxlat': 36.2861807, 'maxlon': 59.6104833}"
آیت الله خامنه ای,7,0,44,137,0,7,1,26,5,77.78,"{'minlat': 36.2818078, 'minlon': 59.6026808, 'maxlat': 36.2909554, 'maxlon': 59.6122353}"
سراب,4,0,59,122,1,19,2,75,3,88.89,"{'minlat': 36.2909554, 'minlon': 59.5971689, 'maxlat': 36.2979703, 'maxlon': 59.6102006}"
شهید بصیر,0,0,3,157,0,1,0,10,0,44.44,"{'minlat': 36.3878799, 'minlon': 59.5101929, 'maxlat': 36.4022119, 'maxlon': 59.5307574}"
شهرک مطهری,0,0,1,76,0,0,0,2,0,33.33,"{'minlat': 36.3859285, 'minlon': 59.5234457, 'maxlat': 36.3931115, 'maxlon': 59.532836}"
مشهدقلی,1,0,1,83,0,0,0,2,0,44.44,"{'minlat': 36.3833005, 'minlon': 59.5256442, 'maxlat': 36.3909311, 'maxlon': 59.5346318}"
توس,1,0,0,134,0,0,0,2,0,33.33,"{'minlat': 36.3762947, 'minlon': 59.5295282, 'maxlat': 36.3883635, 'maxlon': 59.5418711}"
مهدی آباد,2,0,5,365,0,0,0,30,2,55.56,"{'minlat': 36.2703044, 'minlon': 59.6780686, 'maxlat': 36.2847581, 'maxlon': 59.705013}"
حضرت حجت,11,0,62,329,2,0,0,46,0,55.56,"{'minlat': 36.3516093, 'minlon': 59.5500109, 'maxlat': 36.3672796, 'maxlon': 59.5737907}"
وحدت,35,0,78,1039,0,6,0,66,7,66.67,"{'minlat': 36.3362895, 'minlon': 59.576143, 'maxlat': 36.3755849, 'maxlon': 59.6225393}"
نوید,23,0,159,829,2,3,0,111,0,66.67,"{'minlat': 36.3452517, 'minlon': 59.5480044, 'maxlat': 36.3714845, 'maxlon': 59.6034419}"
فدک,5,0,41,293,0,4,0,14,0,55.56,"{'minlat': 36.3391161, 'minlon': 59.5655724, 'maxlat': 36.3499005, 'maxlon': 59.5849983}"
امیر,12,0,62,357,0,7,0,27,6,66.67,"{'minlat': 36.3315986, 'minlon': 59.5735399, 'maxlat': 36.3461091, 'maxlon': 59.5903212}"
بهاران,9,0,57,122,0,0,0,8,0,44.44,"{'minlat': 36.3389352, 'minlon': 59.5471437, 'maxlat': 36.3481874, 'maxlon': 59.5683512}"
جانباز,22,0,119,386,0,5,2,45,3,77.78,"{'minlat': 36.3241069, 'minlon': 59.5536768, 'maxlat': 36.3449684, 'maxlon': 59.5778328}"
شهید فرامرز عباسی,1,0,92,163,1,2,4,12,5,88.89,"{'minlat': 36.325304, 'minlon': 59.543501, 'maxlat': 36.340026, 'maxlon': 59.5536768}"
هدایت,0,0,14,96,0,1,0,4,0,44.44,"{'minlat': 36.3318039, 'minlon': 59.5950365, 'maxlat': 36.3380656, 'maxlon': 59.6049365}"
ایثارگران,5,2,352,1339,2,11,3,202,2,100.0,"{'minlat': 36.3658332, 'minlon': 59.4980271, 'maxlat': 36.3997806, 'maxlon': 59.5448811}"
شفا,0,0,28,256,0,2,0,8,0,44.44,"{'minlat': 36.3201594, 'minlon': 59.6056956, 'maxlat': 36.3286706, 'maxlon': 59.6231243}"
شهید مطهری,0,0,20,378,0,3,1,47,3,66.67,"{'minlat': 36.3095457, 'minlon': 59.5936793, 'maxlat': 36.32058, 'maxlon': 59.608815}"
عامل,17,0,85,940,1,15,7,178,6,88.89,"{'minlat': 36.2979703, 'minlon': 59.5859143, 'maxlat': 36.3200526, 'maxlon': 59.609197}"
عبادی,2,0,26,485,1,6,2,70,5,88.89,"{'minlat': 36.3031026, 'minlon': 59.5988868, 'maxlat': 36.3166142, 'maxlon': 59.6144362}"
هنرور,0,0,16,348,0,1,0,22,2,55.56,"{'minlat': 36.3166142, 'minlon': 59.6005654, 'maxlat': 36.3286706, 'maxlon': 59.6158853}"
سمزقند,0,0,41,207,0,7,1,29,2,66.67,"{'minlat': 36.3115763, 'minlon': 59.608815, 'maxlat': 36.3216702, 'maxlon': 59.6197165}"
حجت,2,0,20,186,0,3,0,8,0,55.56,"{'minlat': 36.3141126, 'minlon': 59.5895916, 'maxlat': 36.3265076, 'maxlon': 59.5980051}"
نکاح,0,0,18,151,0,0,0,20,0,33.33,"{'minlat': 36.3154388, 'minlon': 59.5949936, 'maxlat': 36.3247999, 'maxlon': 59.6037939}"
فتح المبین,2,0,36,133,1,1,4,51,30,88.89,"{'minlat': 36.3194043, 'minlon': 59.5779052, 'maxlat': 36.3308402, 'maxlon': 59.5900865}"
خاتم الانبیا,3,1,238,477,0,6,2,54,6,88.89,"{'minlat': 36.363589, 'minlon': 59.5148767, 'maxlat': 36.3837383, 'maxlon': 59.5363659}"
یاس,0,0,8,148,0,1,0,7,0,44.44,"{'minlat': 36.3229335, 'minlon': 59.5956387, 'maxlat': 36.3318039, 'maxlon': 59.6056956}"
گلبرگ شمالی,0,0,8,77,0,0,0,2,3,44.44,"{'minlat': 36.3265076, 'minlon': 59.5906268, 'maxlat': 36.3302092, 'maxlon': 59.5984161}"
موسوی قوچانی,0,0,7,125,0,1,0,1,1,55.56,"{'minlat': 36.3294853, 'minlon': 59.5900865, 'maxlat': 36.3362334, 'maxlon': 59.6008649}"
آپارتمان های مرتفع,7,0,36,11,0,1,0,11,0,55.56,"{'minlat': 36.3236348, 'minlon': 59.5699889, 'maxlat': 36.3315986, 'maxlon': 59.5794153}"
گلبرگ,0,0,16,189,0,2,0,5,3,55.56,"{'minlat': 36.3200526, 'minlon': 59.5858097, 'maxlat': 36.3304901, 'maxlon': 59.5956387}"
زمرد,23,0,27,172,0,3,0,14,6,66.67,"{'minlat': 36.3354555, 'minlon': 59.5851928, 'maxlat': 36.3434367, 'maxlon': 59.5982627}"
پنجتن,3,0,106,335,1,1,5,21,2,88.89,"{'minlat': 36.2971032, 'minlon': 59.661161, 'maxlat': 36.3134718, 'maxlon': 59.6813835}"
رده,0,0,31,426,1,0,0,11,4,55.56,"{'minlat': 36.3070373, 'minlon': 59.6534938, 'maxlat': 36.320111, 'maxlon': 59.6732752}"
پنجتن آل عبا,6,0,66,358,1,0,0,19,1,66.67,"{'minlat': 36.3058221, 'minlon': 59.675205, 'maxlat': 36.3251284, 'maxlon': 59.7065735}"
شهید قربانی,2,0,39,548,0,0,0,32,5,55.56,"{'minlat': 36.3125597, 'minlon': 59.6673381, 'maxlat': 36.3321467, 'maxlon': 59.6998804}"
ابوذر,1,0,16,248,0,3,0,4,1,66.67,"{'minlat': 36.3017221, 'minlon': 59.6445943, 'maxlat': 36.3115926, 'maxlon': 59.659034}"
وحید,0,0,35,235,0,2,0,11,2,55.56,"{'minlat': 36.2990805, 'minlon': 59.6487345, 'maxlat': 36.3082607, 'maxlon': 59.6623103}"
تلگرد,0,0,67,278,1,7,3,32,3,77.78,"{'minlat': 36.2935832, 'minlon': 59.6502015, 'maxlat': 36.3063543, 'maxlon': 59.6657395}"
ایثار,2,0,41,183,0,15,0,38,6,66.67,"{'minlat': 36.2892256, 'minlon': 59.6282883, 'maxlat': 36.3018205, 'maxlon': 59.6458698}"
گلشور,2,0,74,294,2,9,4,47,7,88.89,"{'minlat': 36.2880812, 'minlon': 59.6419819, 'maxlat': 36.3017221, 'maxlon': 59.6608522}"
طلاب,1,0,16,107,0,12,1,17,7,77.78,"{'minlat': 36.2975392, 'minlon': 59.6378606, 'maxlat': 36.3060047, 'maxlon': 59.6487345}"
امیریه,3,1,317,775,2,12,2,140,5,100.0,"{'minlat': 36.3711138, 'minlon': 59.4694998, 'maxlat': 36.4020205, 'maxlon': 59.5199128}"
الهیه,4,0,359,850,0,6,2,102,5,77.78,"{'minlat': 36.3653953, 'minlon': 59.4484914, 'maxlat': 36.393794, 'maxlon': 59.500207}"
اقبال,1,0,57,178,1,9,2,38,5,88.89,"{'minlat': 36.3293243, 'minlon': 59.460644, 'maxlat': 36.340156, 'maxlon': 59.4775772}"
شهرآرا,2,0,99,423,1,10,0,118,8,77.78,"{'minlat': 36.3082125, 'minlon': 59.4549286, 'maxlat': 36.3350753, 'maxlon': 59.4795178}"
آب و برق,2,0,72,224,0,11,5,41,9,77.78,"{'minlat': 36.3142952, 'minlon': 59.4766773, 'maxlat': 36.3267756, 'maxlon': 59.4932453}"
حافظ,3,0,91,300,3,3,13,96,7,88.89,"{'minlat': 36.3181865, 'minlon': 59.4828303, 'maxlat': 36.3323566, 'maxlon': 59.5014603}"
هنرستان,3,0,143,454,1,14,8,66,23,88.89,"{'minlat': 36.3108771, 'minlon': 59.4932453, 'maxlat': 36.3274076, 'maxlon': 59.5155166}"
نیروی هوایی,69,0,131,713,1,11,3,84,11,88.89,"{'minlat': 36.2865753, 'minlon': 59.471573, 'maxlat': 36.3181865, 'maxlon': 59.5044744}"
نه دره,63,0,49,240,0,9,3,56,4,77.78,"{'minlat': 36.2920832, 'minlon': 59.4646318, 'maxlat': 36.3173836, 'maxlon': 59.4897383}"
چهارچشمه,23,0,254,658,1,6,1,43,5,88.89,"{'minlat': 36.2832081, 'minlon': 59.4869501, 'maxlat': 36.3108771, 'maxlon': 59.51269}"
سرافرازان,26,0,349,690,0,4,1,79,4,77.78,"{'minlat': 36.2778697, 'minlon': 59.4943888, 'maxlat': 36.3047343, 'maxlon': 59.5293197}"
نوفل لوشاتو,36,1,151,504,3,17,9,106,12,100.0,"{'minlat': 36.2859054, 'minlon': 59.5374039, 'maxlat': 36.315082, 'maxlon': 59.5632375}"
کوثر,2,0,277,408,0,16,4,152,18,77.78,"{'minlat': 36.3047343, 'minlon': 59.5044744, 'maxlat': 36.3230173, 'maxlon': 59.5276973}"
رضاشهر,16,0,229,377,0,10,6,92,4,77.78,"{'minlat': 36.2831472, 'minlon': 59.52369, 'maxlat': 36.3017103, 'maxlon': 59.5563767}"
زکریا,20,0,190,475,1,7,5,76,6,88.89,"{'minlat': 36.2677017, 'minlon': 59.5016722, 'maxlat': 36.2931659, 'maxlon': 59.5441094}"
بهارستان,1,0,77,99,4,2,3,114,2,88.89,"{'minlat': 36.2727759, 'minlon': 59.5376936, 'maxlat': 36.2859054, 'maxlon': 59.5564823}"
دانشگاه,21,0,425,248,0,5,8,350,6,77.78,"{'minlat': 36.2993095, 'minlon': 59.51269, 'maxlat': 36.319233, 'maxlon': 59.540596}"
پورسینا,2,0,43,472,1,1,0,31,0,66.67,"{'minlat': 36.2660645, 'minlon': 59.6600116, 'maxlat': 36.28274, 'maxlon': 59.6841268}"
موعود,1,0,18,496,1,2,0,27,2,77.78,"{'minlat': 36.2625469, 'minlon': 59.6676452, 'maxlat': 36.2750014, 'maxlon': 59.6915732}"
اروند,1,0,18,260,0,0,1,5,1,66.67,"{'minlat': 36.2600771, 'minlon': 59.6762833, 'maxlat': 36.2704218, 'maxlon': 59.6915732}"
انصار,0,0,59,154,0,0,1,14,0,44.44,"{'minlat': 36.2569999, 'minlon': 59.6823411, 'maxlat': 36.2704218, 'maxlon': 59.6989516}"
شهرک شهید باهنر,2,0,0,150,0,0,0,0,0,22.22,"{'minlat': 36.2379737, 'minlon': 59.704017, 'maxlat': 36.2564209, 'maxlon': 59.7237396}"
مصطفی خمینی,4,0,59,153,1,1,0,28,0,66.67,"{'minlat': 36.2447073, 'minlon': 59.6245872, 'maxlat': 36.2600998, 'maxlon': 59.6579812}"
شهرک شیرین,4,0,36,104,0,0,0,23,0,44.44,"{'minlat': 36.2472589, 'minlon': 59.6464491, 'maxlat': 36.2632487, 'maxlon': 59.6626764}"
کشاورز,4,0,70,198,0,0,1,39,1,66.67,"{'minlat': 36.2440711, 'minlon': 59.6658656, 'maxlat': 36.2625556, 'maxlon': 59.6940066}"
شهید معقول,10,0,21,278,1,1,0,80,3,77.78,"{'minlat': 36.2458523, 'minlon': 59.6536965, 'maxlat': 36.2660645, 'maxlon': 59.6762833}"
امیر آباد,8,0,14,82,1,2,0,44,1,77.78,"{'minlat': 36.2602301, 'minlon': 59.651446, 'maxlat': 36.2702972, 'maxlon': 59.6676452}"
چهنو,3,0,34,209,0,5,5,24,1,77.78,"{'minlat': 36.2708723, 'minlon': 59.6173075, 'maxlat': 36.2812779, 'maxlon': 59.6297181}"
شیرودی,0,0,24,205,0,2,0,8,0,44.44,"{'minlat': 36.2641699, 'minlon': 59.6258223, 'maxlat': 36.2756983, 'maxlon': 59.6362218}"
کارمندان اول,1,0,18,344,0,10,5,23,6,77.78,"{'minlat': 36.2696522, 'minlon': 59.6238701, 'maxlat': 36.2815723, 'maxlon': 59.6407552}"
کارمندان دوم,1,0,44,349,1,0,0,37,1,66.67,"{'minlat': 36.2600998, 'minlon': 59.6362218, 'maxlat': 36.27692, 'maxlon': 59.6571442}"
محمد آباد,1,0,61,304,1,1,0,27,1,77.78,"{'minlat': 36.2580623, 'minlon': 59.6260974, 'maxlat': 36.2696522, 'maxlon': 59.6464491}"
شهید آوینی,1,0,25,155,1,2,1,13,1,88.89,"{'minlat': 36.2939469, 'minlon': 59.6612416, 'maxlat': 36.3024213, 'maxlon': 59.6763007}"
ثامن,3,0,21,415,0,1,0,20,1,66.67,"{'minlat': 36.2789591, 'minlon': 59.6590606, 'maxlat': 36.2953147, 'maxlon': 59.6858272}"
نیزه,13,0,72,302,1,1,0,20,2,77.78,"{'minlat': 36.2938329, 'minlon': 59.6727193, 'maxlat': 36.315177, 'maxlon': 59.7065735}"
امیر المومنین,13,0,56,490,1,1,0,20,3,77.78,"{'minlat': 36.2863088, 'minlon': 59.6700485, 'maxlat': 36.311902, 'maxlon': 59.7040813}"
شهرک مهر آباد,0,0,69,321,1,3,0,27,0,55.56,"{'minlat': 36.2691398, 'minlon': 59.6555498, 'maxlat': 36.2880812, 'maxlon': 59.672355}"
حسین آباد,0,0,119,451,3,1,1,37,1,77.78,"{'minlat': 36.2702972, 'minlon': 59.6387894, 'maxlat': 36.293476, 'maxlon': 59.6590606}"
رضاییه,0,0,56,240,0,5,0,20,5,55.56,"{'minlat': 36.27692, 'minlon': 59.6293681, 'maxlat': 36.2924812, 'maxlon': 59.6407552}"
سجادیه,0,0,28,122,0,0,0,11,0,33.33,"{'minlat': 36.2817267, 'minlon': 59.6358306, 'maxlat': 36.2906592, 'maxlon': 59.6430722}"
جلالیه,1,0,46,180,1,7,5,27,6,88.89,"{'minlat': 36.27692, 'minlon': 59.6241526, 'maxlat': 36.2864575, 'maxlon': 59.6407552}"
حجاب,2,0,166,326,2,8,0,52,2,77.78,"{'minlat': 36.3648979, 'minlon': 59.5042625, 'maxlat': 36.380253, 'maxlon': 59.5245977}"
شهرک امام هادی,8,0,63,311,2,4,0,135,3,77.78,"{'minlat': 36.3452517, 'minlon': 59.5363659, 'maxlat': 36.3705057, 'maxlon': 59.5519828}"
ادیب نیشابوری,1,1,144,229,0,3,0,36,2,77.78,"{'minlat': 36.3591395, 'minlon': 59.5115983, 'maxlat': 36.3679822, 'maxlon': 59.527992}"
نرگس,0,0,68,87,0,0,0,2,0,33.33,"{'minlat': 36.3466136, 'minlon': 59.476801, 'maxlat': 36.352145, 'maxlon': 59.4883087}"
فرهنگیان,2,0,104,334,0,5,0,32,13,66.67,"{'minlat': 36.3520694, 'minlon': 59.4878393, 'maxlat': 36.3646004, 'maxlon': 59.5075308}"
شهرک لشکر,2,0,258,461,0,5,2,58,9,77.78,"{'minlat': 36.3559394, 'minlon': 59.479904, 'maxlat': 36.3711138, 'maxlon': 59.5037126}"
امامیه,3,2,166,346,1,9,3,69,3,100.0,"{'minlat': 36.3591395, 'minlon': 59.500207, 'maxlat': 36.3741481, 'maxlon': 59.5174187}"
حسابی جنوبی,0,0,90,70,0,1,0,2,1,55.56,"{'minlat': 36.3454167, 'minlon': 59.4879713, 'maxlat': 36.3522725, 'maxlon': 59.501591}"
شاهد,2,0,106,254,0,4,1,36,6,77.78,"{'minlat': 36.3451828, 'minlon': 59.5010733, 'maxlat': 36.3593339, 'maxlon': 59.5141432}"
استاد یوسفی,5,1,164,352,0,7,2,52,6,88.89,"{'minlat': 36.3517756, 'minlon': 59.5129207, 'maxlat': 36.363589, 'maxlon': 59.5316666}"
ولیعصر,3,0,114,236,0,3,3,20,4,77.78,"{'minlat': 36.3451026, 'minlon': 59.5135242, 'maxlat': 36.3563833, 'maxlon': 59.5313609}"
شهرک رازی,3,0,111,440,1,3,1,95,6,88.89,"{'minlat': 36.3450844, 'minlon': 59.5260394, 'maxlat': 36.3658332, 'maxlon': 59.5480044}"
فارغ التحصیلان,0,0,170,215,0,2,2,81,2,66.67,"{'minlat': 36.3366523, 'minlon': 59.4605236, 'maxlat': 36.3510607, 'maxlon': 59.476801}"
شریف,0,0,131,436,1,7,3,89,13,77.78,"{'minlat': 36.3290215, 'minlon': 59.4718545, 'maxlat': 36.3431299, 'maxlon': 59.5001567}"
تربیت,0,0,63,228,0,1,1,16,6,66.67,"{'minlat': 36.3371128, 'minlon': 59.4749138, 'maxlat': 36.3466893, 'maxlon': 59.5035464}"
دانشجو,2,0,69,163,2,9,5,24,11,88.89,"{'minlat': 36.3252325, 'minlon': 59.4962902, 'maxlat': 36.3371128, 'maxlon': 59.5120195}"
فرهنگ,3,0,83,286,0,22,2,29,16,77.78,"{'minlat': 36.3202147, 'minlon': 59.508435, 'maxlat': 36.3336178, 'maxlon': 59.5284507}"
سید رضی,1,0,47,246,0,18,0,15,8,66.67,"{'minlat': 36.3282904, 'minlon': 59.5120195, 'maxlat': 36.3409046, 'maxlon': 59.5312804}"
شهید رضوی,1,0,112,101,0,1,0,14,1,66.67,"{'minlat': 36.3382147, 'minlon': 59.5139748, 'maxlat': 36.3451788, 'maxlon': 59.5331941}"
آزادشهر,1,1,300,378,1,44,4,101,22,100.0,"{'minlat': 36.315082, 'minlon': 59.5245237, 'maxlat': 36.3382147, 'maxlon': 59.5459621}"
زیبا شهر,0,0,31,79,0,0,2,7,0,44.44,"{'minlat': 36.3355252, 'minlon': 59.5312804, 'maxlat': 36.3452517, 'maxlon': 59.5480593}"
جاهد شهر,13,0,529,881,2,15,2,164,16,88.89,"{'minlat': 36.3510607, 'minlon': 59.4442997, 'maxlat': 36.3809188, 'maxlon': 59.4914132}"
وکیل آباد,17,0,87,323,0,2,2,174,3,77.78,"{'minlat': 36.340156, 'minlon': 59.4201994, 'maxlat': 36.3725932, 'maxlon': 59.4658001}"
اکبرآباد,12,0,18,144,0,1,0,32,0,55.56,"{'minlat': 36.4224365, 'minlon': 59.4455033, 'maxlat': 36.4443383, 'maxlon': 59.473865}"
فردوسی,17,0,107,179,0,1,0,19,0,55.56,"{'minlat': 36.4633881, 'minlon': 59.4835784, 'maxlat': 36.4989467, 'maxlon': 59.5465819}"
چهاربرج,36,0,68,402,0,1,0,24,0,55.56,"{'minlat': 36.4450245, 'minlon': 59.4562236, 'maxlat': 36.4846993, 'maxlon': 59.5299093}"
کلاته برفی,36,0,19,382,0,0,0,28,0,44.44,"{'minlat': 36.4301439, 'minlon': 59.4453231, 'maxlat': 36.4612137, 'maxlon': 59.508516}"
percentage,80.09,17.65,98.19,100.0,57.01,83.71,61.54,99.55,79.64,100.0,75.26524886877833
